{
    "method": "platt",
    "coef": 4.335681438446045,
    "intercept": -2.1830389499664307
}