{
  "method": "platt",
  "coef": 3.2679388523101807,
  "intercept": -1.6662729978561401,
  "holdout_samples": 300
}